{"cameraMode":{"drawMode":0,"name":"Shaded","section":"Shading Mode"},"sceneLighting":false,"audioPlay":false,"sceneViewState":{"m_AlwaysRefresh":false,"showFog":true,"showSkybox":false,"showFlares":true,"showImageEffects":true,"showParticleSystems":true,"showVisualEffectGraphs":true,"m_FxEnabled":true},"in2DMode":false,"pivot":{"x":-0.309624582529068,"y":1.4290043115615845,"z":-0.5941417813301086},"rotation":{"x":-0.2391340285539627,"y":0.012553172186017037,"z":-0.003126897383481264,"w":-0.9708591103553772},"size":0.4932354986667633,"orthographic":false}